{
  "placeholderImages": [
    {
      "id": "hero-home",
      "description": "Une belle vue panoramique d'une plage marocaine au coucher du soleil.",
      "imageUrl": "/images/hero-bg.jpg",
      "imageHint": "plage marocaine"
    },
    {
      "id": "card-transfers",
      "description": "Un van moderne roulant le long d'une route côtière.",
      "imageUrl": "/images/taxi-marrakech-essaouira-transfert.jpg",
      "imageHint": "route côtière"
    },
    {
      "id": "card-quad",
      "description": "Une personne conduisant un quad sur des dunes de sable.",
      "imageUrl": "/images/quad-biking.jpg",
      "imageHint": "quad"
    },
    {
      "id": "card-souk",
      "description": "Un souk marocain vibrant et coloré avec des épices et des lanternes.",
      "imageUrl": "/images/visite-guidee-medina-essaouira.jpg",
      "imageHint": "marché marocain"
    },
    {
      "id": "card-beaches",
      "description": "Une plage isolée et immaculée avec des formations rocheuses spectaculaires.",
      "imageUrl": "/images/excursion-4x4-plages-sauvages.jpg",
      "imageHint": "plage isolée"
    },
    {
      "id": "card-cooking",
      "description": "Un tajine marocain traditionnel cuisant sur un feu ouvert en plein air.",
      "imageUrl": "/images/cours-cuisine-berbere-essaouira.jpg",
      "imageHint": "cuisine en plein air"
    },
    {
      "id": "hero-transfers",
      "description": "Vue depuis l'intérieur d'un véhicule confortable donnant sur le paysage marocain.",
      "imageUrl": "/images/chauffeur-prive-mercedes-maroc.jpg",
      "imageHint": "paysage marocain"
    },
    {
      "id": "hero-quad",
      "description": "Une ligne de quads prêts pour une aventure sur une plage ensoleillée.",
      "imageUrl": "https://images.unsplash.com/photo-1670924758351-a372e77f6e72?crop=entropy&cs=tinysrgb&fit=max&fm=jpg&ixid=M3w3NDE5ODJ8MHwxfHNlYXJjaHwxMHx8cXVhZCUyMGJpa2VzfGVufDB8fHx8MTc2MDczNjEyMHww&ixlib=rb-4.1.0&q=70&w=800",
      "imageHint": "quads"
    },
    {
      "id": "hero-souk",
      "description": "Gros plan sur l'artisanat marocain complexe dans un souk.",
      "imageUrl": "https://images.unsplash.com/photo-1716146755954-4f197a5b6031?crop=entropy&cs=tinysrgb&fit=max&fm=jpg&ixid=M3w3NDE5ODJ8MHwxfHNlYXJjaHwyfHxtb3JvY2NhbiUyMGNyYWZ0c3xlbnwwfHx8fDE3NjA3MzYxMjB8MA&ixlib=rb-4.1.0&q=70&w=800",
      "imageHint": "artisanat marocain"
    },
    {
      "id": "hero-beaches",
      "description": "Vagues s'écrasant sur une plage marocaine sauvage et indomptée.",
      "imageUrl": "/images/cote-atlantique-maroc-4x4.jpg",
      "imageHint": "vagues de l'océan"
    },
    {
      "id": "hero-cooking",
      "description": "Un groupe de personnes cuisinant ensemble dans un magnifique cadre extérieur au Maroc.",
      "imageUrl": "/images/cuisine-marocaine-traditionnelle.jpg",
      "imageHint": "cuisine extérieure"
    },
    {
      "id": "gallery-transfers-1",
      "description": "Un chauffeur souriant debout à côté d'un van propre.",
      "imageUrl": "/images/transport-aeroport-confort.jpg",
      "imageHint": "chauffeur amical"
    },
    {
      "id": "gallery-transfers-2",
      "description": "Intérieur spacieux et propre d'un van de passagers.",
      "imageUrl": "/images/route-essaouira-voyage.jpg",
      "imageHint": "intérieur du van"
    },
    {
      "id": "gallery-quad-1",
      "description": "Un quad soulevant du sable sur une dune.",
      "imageUrl": "https://images.unsplash.com/photo-1527261460248-b0abfd14c0da?crop=entropy&cs=tinysrgb&fit=max&fm=jpg&ixid=M3w3NDE5ODJ8MHwxfHNlYXJjaHw5fHxzYW5kJTIwZHVuZXxlbnwwfHx8fDE3NjA3MzYxMjB8MA&ixlib=rb-4.1.0&q=70&w=800",
      "imageHint": "dune de sable"
    },
    {
      "id": "gallery-quad-2",
      "description": "Un groupe de personnes sur des quads avec l'océan en arrière-plan.",
      "imageUrl": "https://images.unsplash.com/photo-1505142468610-359e7d316be0?crop=entropy&cs=tinysrgb&fit=max&fm=jpg&ixid=M3w3NDE5ODJ8MHwxfHNlYXJjaHw3fHxvY2VhbiUyMGJhY2tncm91bmR8ZW58MHx8fHwxNzYwNzM2MTIwfDA&ixlib=rb-4.1.0&q=70&w=800",
      "imageHint": "océan en arrière-plan"
    },
    {
      "id": "gallery-quad-3",
      "description": "Un guide expliquant l'itinéraire aux conducteurs de quad.",
      "imageUrl": "https://images.unsplash.com/photo-1616895727759-dd84a2690433?crop=entropy&cs=tinysrgb&fit=max&fm=jpg&ixid=M3w3NDE5ODJ8MHwxfHNlYXJjaHw2fHx0b3VyJTIwZ3VpZGV8ZW58MHx8fHwxNzYwNzM2MTIwfDA&ixlib=rb-4.1.0&q=70&w=800",
      "imageHint": "guide touristique"
    },
    {
      "id": "gallery-souk-1",
      "description": "Babouches en cuir colorées disposées sur un étal de marché.",
      "imageUrl": "https://images.unsplash.com/photo-1648117072742-ded008ed555f?crop=entropy&cs=tinysrgb&fit=max&fm=jpg&ixid=M3w3NDE5ODJ8MHwxfHNlYXJjaHw3fHxtb3JvY2NhbiUyMHNsaXBwZXJzfGVufDB8fHx8MTc2MDczNjEyMHww&ixlib=rb-4.1.0&q=70&w=800",
      "imageHint": "babouches marocaines"
    },
    {
      "id": "gallery-souk-2",
      "description": "Un marchand versant du thé à la menthe traditionnel.",
      "imageUrl": "https://images.unsplash.com/photo-1555758933-42f41c02c82f?crop=entropy&cs=tinysrgb&fit=max&fm=jpg&ixid=M3w3NDE5ODJ8MHwxfHNlYXJjaHwxMHx8bWludCUyMHRlYXxlbnwwfHx8fDE3NjA3MzYxMjB8MA&ixlib=rb-4.1.0&q=70&w=800",
      "imageHint": "thé à la menthe"
    },
    {
      "id": "gallery-souk-3",
      "description": "Une ruelle étroite et animée de la médina d'Essaouira.",
      "imageUrl": "https://images.unsplash.com/photo-1552853519-1793ff886074?crop=entropy&cs=tinysrgb&fit=max&fm=jpg&ixid=M3w3NDE5ODJ8MHwxfHNlYXJjaHwxMHx8bWVkaW5hJTIwYWxsZXl8ZW58MHx8fHwxNzYwNzM2MTIwfDA&ixlib=rb-4.1.0&q=70&w=800",
      "imageHint": "ruelle de la médina"
    },
    {
      "id": "gallery-beaches-1",
      "description": "Chameaux marchant le long du rivage au coucher du soleil.",
      "imageUrl": "/images/camel-beach.jpg",
      "imageHint": "chameaux au coucher du soleil"
    },
    {
      "id": "gallery-beaches-2",
      "description": "Une personne surfant sur une vague sur une plage isolée.",
      "imageUrl": "https://images.unsplash.com/photo-1657220437961-26164bc827e0?crop=entropy&cs=tinysrgb&fit=max&fm=jpg&ixid=M3w3NDE5ODJ8MHwxfHNlYXJjaHw5fHxzdXJmaW5nJTIwd2F2ZXxlbnwwfHx8fDE3NjA3MzYxMjB8MA&ixlib=rb-4.1.0&q=70&w=800",
      "imageHint": "surf sur vague"
    },
    {
      "id": "gallery-beaches-3",
      "description": "Marres résiduelles et formations rocheuses uniques sur la côte.",
      "imageUrl": "https://images.unsplash.com/photo-1643951523628-88d9f231b8fd?crop=entropy&cs=tinysrgb&fit=max&fm=jpg&ixid=M3w3NDE5ODJ8MHwxfHNlYXJjaHwyfHx0aWRlJTIwcG9vbHN8ZW58MHx8fHwxNzYwNzM2MTIwfDA&ixlib=rb-4.1.0&q=70&w=800",
      "imageHint": "marres résiduelles"
    },
    {
      "id": "gallery-cooking-1",
      "description": "Légumes frais et épices disposés sur une table en bois, prêts pour la cuisine.",
      "imageUrl": "https://images.unsplash.com/photo-1518843875459-f738682238a6?crop=entropy&cs=tinysrgb&fit=max&fm=jpg&ixid=M3w3NDE5ODJ8MHwxfHNlYXJjaHw0fHxmcmVzaCUyMGluZ3JlZGllbnRzfGVufDB8fHx8MTc2MDczMzYyNHww&ixlib=rb-4.1.0&q=70&w=800",
      "imageHint": "ingrédients frais"
    },
    {
      "id": "gallery-cooking-2",
      "description": "Personnes rassemblées autour d'une table, dégustant un repas fraîchement cuisiné en plein air.",
      "imageUrl": "/images/repas-chez-habitant.jpg",
      "imageHint": "repas en plein air"
    },
    {
      "id": "gallery-cooking-3",
      "description": "Gros plan sur un tajine aromatique et bouillonnant.",
      "imageUrl": "/images/preparation-tajine-maroc.jpg",
      "imageHint": "cuisson tajine"
    },
    {
      "id": "card-fishing",
      "description": "Pêcheur en bord de mer au coucher du soleil (Surfcasting).",
      "imageUrl": "/images/gallery-fishing-2.jpg",
      "imageHint": "pêche plage"
    },
    {
      "id": "hero-fishing",
      "description": "Vue panoramique d'une plage avec des cannes à pêche plantées dans le sable.",
      "imageUrl": "/images/gallery-fishing-3.jpg",
      "imageHint": "cannes à pêche plage"
    },
    {
      "id": "gallery-fishing-1",
      "description": "Gros plan sur le matériel de pêche et une prise fraîche.",
      "imageUrl": "/images/gallery-fishing-1.jpg",
      "imageHint": "matériel pêche"
    },
    {
      "id": "gallery-fishing-2",
      "description": "Guide local montrant une technique de lancer.",
      "imageUrl": "/images/gallery-fishing-2.jpg",
      "imageHint": "technique pêche"
    },
    {
      "id": "gallery-fishing-3",
      "description": "Moment de détente face à l'océan Atlantique.",
      "imageUrl": "/images/gallery-fishing-3.jpg",
      "imageHint": "détente océan"
    }
  ]
}